{"cameraMode":{"drawMode":0,"name":"Shaded","section":"Shading Mode"},"sceneLighting":false,"audioPlay":false,"sceneViewState":{"showFog":true,"showMaterialUpdate":false,"showSkybox":true,"showFlares":true,"showImageEffects":true,"showParticleSystems":true},"in2DMode":false,"pivot":{"x":-1.7706365585327149,"y":3.941157341003418,"z":8.872532844543457},"rotation":{"x":-0.06041455268859863,"y":-0.8615008592605591,"z":0.10549258440732956,"w":-0.4929886758327484},"size":15.482162475585938,"orthographic":false}