{"cameraMode":{"drawMode":0,"name":"Shaded","section":"Shading Mode"},"sceneLighting":false,"audioPlay":false,"sceneViewState":{"showFog":false,"showMaterialUpdate":false,"showSkybox":false,"showFlares":false,"showImageEffects":false,"showParticleSystems":false},"in2DMode":false,"pivot":{"x":492.876220703125,"y":328.2186584472656,"z":280.067138671875},"rotation":{"x":-0.00030958635034039617,"y":-0.0069025480188429359,"z":0.0000018386112969892566,"w":-0.9999780058860779},"size":1234.46142578125,"orthographic":false}